# ************************************************************
# Sequel Pro SQL dump
# Version 4499
#
# http://www.sequelpro.com/
# https://github.com/sequelpro/sequelpro
#
# Host: 127.0.0.1 (MySQL 5.6.24)
# Database: kuhiw
# Generation Time: 2015-10-18 16:10:15 +0000
# ************************************************************


/*!40101 SET @OLD_CHARACTER_SET_CLIENT=@@CHARACTER_SET_CLIENT */;
/*!40101 SET @OLD_CHARACTER_SET_RESULTS=@@CHARACTER_SET_RESULTS */;
/*!40101 SET @OLD_COLLATION_CONNECTION=@@COLLATION_CONNECTION */;
/*!40101 SET NAMES utf8 */;
/*!40014 SET @OLD_FOREIGN_KEY_CHECKS=@@FOREIGN_KEY_CHECKS, FOREIGN_KEY_CHECKS=0 */;
/*!40101 SET @OLD_SQL_MODE=@@SQL_MODE, SQL_MODE='NO_AUTO_VALUE_ON_ZERO' */;
/*!40111 SET @OLD_SQL_NOTES=@@SQL_NOTES, SQL_NOTES=0 */;


# Dump of table comments
# ------------------------------------------------------------

DROP TABLE IF EXISTS `comments`;

CREATE TABLE `comments` (
  `id` int(11) NOT NULL,
  `restaurant_id` int(11) NOT NULL,
  `user_id` int(11) NOT NULL,
  `comment` text NOT NULL,
  `created_at` timestamp NOT NULL DEFAULT CURRENT_TIMESTAMP ON UPDATE CURRENT_TIMESTAMP,
  `updated_at` timestamp NOT NULL DEFAULT '0000-00-00 00:00:00',
  PRIMARY KEY (`id`),
  KEY `comments_restaurants` (`restaurant_id`),
  KEY `comments_users` (`user_id`),
  CONSTRAINT `comments_restaurants` FOREIGN KEY (`restaurant_id`) REFERENCES `restaurants` (`id`),
  CONSTRAINT `comments_users` FOREIGN KEY (`user_id`) REFERENCES `users` (`id`)
) ENGINE=InnoDB DEFAULT CHARSET=utf8;



# Dump of table menu_tag
# ------------------------------------------------------------

DROP TABLE IF EXISTS `menu_tag`;

CREATE TABLE `menu_tag` (
  `id` int(11) NOT NULL,
  `menu_id` int(11) NOT NULL,
  `tag_id` int(11) NOT NULL,
  PRIMARY KEY (`id`),
  KEY `menu_tag_menus` (`menu_id`),
  KEY `menu_tag_tags` (`tag_id`),
  CONSTRAINT `menu_tag_menus` FOREIGN KEY (`menu_id`) REFERENCES `menus` (`id`),
  CONSTRAINT `menu_tag_tags` FOREIGN KEY (`tag_id`) REFERENCES `tags` (`id`)
) ENGINE=InnoDB DEFAULT CHARSET=utf8;



# Dump of table menus
# ------------------------------------------------------------

DROP TABLE IF EXISTS `menus`;

CREATE TABLE `menus` (
  `id` int(11) NOT NULL,
  `restaurant_id` int(11) NOT NULL,
  `name` varchar(255) NOT NULL,
  `price_min` decimal(8,2) NOT NULL,
  `price_max` decimal(8,2) NOT NULL,
  `created_at` timestamp NOT NULL DEFAULT CURRENT_TIMESTAMP ON UPDATE CURRENT_TIMESTAMP,
  `updated_at` timestamp NOT NULL DEFAULT '0000-00-00 00:00:00',
  PRIMARY KEY (`id`),
  KEY `menus_restaurants` (`restaurant_id`),
  CONSTRAINT `menus_restaurants` FOREIGN KEY (`restaurant_id`) REFERENCES `restaurants` (`id`)
) ENGINE=InnoDB DEFAULT CHARSET=utf8;

LOCK TABLES `menus` WRITE;
/*!40000 ALTER TABLE `menus` DISABLE KEYS */;

INSERT INTO `menus` (`id`, `restaurant_id`, `name`, `price_min`, `price_max`, `created_at`, `updated_at`)
VALUES
  (1,1,'หมูน้ำตก',30.00,30.00,'2015-10-16 21:01:11','0000-00-00 00:00:00'),
  (2,1,'หมูต้มยำน้ำข้น',30.00,30.00,'2015-10-16 21:01:11','0000-00-00 00:00:00'),
  (3,1,'หมูต้มยำน้ำใส',30.00,30.00,'2015-10-16 21:01:11','0000-00-00 00:00:00'),
  (4,1,'บะหมี่',30.00,30.00,'2015-10-16 21:01:11','0000-00-00 00:00:00'),
  (5,1,'เกี๊ยว',30.00,30.00,'2015-10-16 21:01:11','0000-00-00 00:00:00'),
  (6,1,'บะหมี่เกี๊ยว',30.00,35.00,'2015-10-16 21:01:11','0000-00-00 00:00:00'),
  (7,1,'หมูตุ๋น(อย่างเดียว)',30.00,35.00,'2015-10-16 21:01:11','0000-00-00 00:00:00'),
  (8,1,'เกาเหลา',30.00,35.00,'2015-10-16 21:01:11','0000-00-00 00:00:00'),
  (9,1,'มาม่า',30.00,40.00,'2015-10-16 21:01:11','0000-00-00 00:00:00'),
  (10,1,'ก๋วยเตี๊ยวไก่ทอด',30.00,35.00,'2015-10-16 21:01:11','0000-00-00 00:00:00'),
  (11,1,'เย็นตาโฟ',30.00,30.00,'2015-10-16 21:01:11','0000-00-00 00:00:00'),
  (12,1,'เย็นตาโฟต้มยำ',30.00,30.00,'2015-10-16 21:01:11','0000-00-00 00:00:00'),
  (13,1,'หมูน้ำตกต้มยำ',30.00,30.00,'2015-10-16 21:01:11','0000-00-00 00:00:00'),
  (14,1,'เส้นเซี่ยงไฮต้มยำ',30.00,30.00,'2015-10-16 21:01:11','0000-00-00 00:00:00'),
  (15,1,'ไข่ต้ม, ไข่ลวก',6.00,6.00,'2015-10-16 21:01:11','0000-00-00 00:00:00'),
  (16,1,'ไข่ตานี',7.00,7.00,'2015-10-16 21:01:11','0000-00-00 00:00:00'),
  (17,1,'แคปหมู',5.00,5.00,'2015-10-16 21:01:11','0000-00-00 00:00:00'),
  (18,1,'ข้าวเปล่า',5.00,5.00,'2015-10-16 21:01:11','0000-00-00 00:00:00'),
  (19,2,'ไข่เจียวฟองเดียว',20.00,20.00,'2015-10-16 21:01:11','0000-00-00 00:00:00'),
  (20,2,'ไข่เจียวสองฟอง',25.00,25.00,'2015-10-16 21:01:11','0000-00-00 00:00:00'),
  (21,2,'เพิ่มกับข้าว(1,2 อย่าง)',10.00,10.00,'2015-10-16 21:01:11','0000-00-00 00:00:00'),
  (22,2,'ข้าวราดแกง(ไม่เอาไข่)',25.00,25.00,'2015-10-16 21:01:11','0000-00-00 00:00:00'),
  (23,2,'ข้าวคลุกกะปิ',35.00,35.00,'2015-10-16 21:01:11','0000-00-00 00:00:00'),
  (24,3,'หมูหวาน',0.00,0.00,'2015-10-16 21:01:11','0000-00-00 00:00:00'),
  (25,3,'หมูทอดกระเทียม',0.00,0.00,'2015-10-16 21:01:11','0000-00-00 00:00:00'),
  (26,3,'ตับหมูอบ',0.00,0.00,'2015-10-16 21:01:11','0000-00-00 00:00:00'),
  (27,3,'ไก่อบ',0.00,0.00,'2015-10-16 21:01:11','0000-00-00 00:00:00'),
  (28,3,'ไก่อบ',0.00,0.00,'2015-10-16 21:01:11','0000-00-00 00:00:00'),
  (29,3,'ลาบหมู',0.00,0.00,'2015-10-16 21:01:11','0000-00-00 00:00:00'),
  (30,3,'ลาบไก่',0.00,0.00,'2015-10-16 21:01:11','0000-00-00 00:00:00'),
  (31,3,'ตุ๋นมะระยัดไส้หมูสับ',15.00,30.00,'2015-10-16 21:01:11','0000-00-00 00:00:00'),
  (32,3,'ตุ๋นฟักน่องไก่',15.00,15.00,'2015-10-16 21:01:11','0000-00-00 00:00:00'),
  (33,3,'ไข่ดาว',7.00,7.00,'2015-10-16 21:01:11','0000-00-00 00:00:00'),
  (34,3,'ไข่ตุ๋น',10.00,10.00,'2015-10-16 21:01:11','0000-00-00 00:00:00'),
  (35,3,'ต้มเเซ่บกระดูกอ่อน',20.00,30.00,'2015-10-16 21:01:11','0000-00-00 00:00:00'),
  (36,4,'ทงคัตสึราเมน',33.00,33.00,'2015-10-16 21:01:11','0000-00-00 00:00:00'),
  (37,4,'ชาชูเมน',33.00,33.00,'2015-10-16 21:01:11','0000-00-00 00:00:00'),
  (38,4,'ต้มยำกุ้ง ราเมน',40.00,40.00,'2015-10-16 21:01:11','0000-00-00 00:00:00'),
  (39,4,'ต้ำยำชาชู ราเมน',28.00,28.00,'2015-10-16 21:01:11','0000-00-00 00:00:00'),
  (40,4,'ต้มยำทงคัตสึ ราเมน',33.00,33.00,'2015-10-16 21:01:11','0000-00-00 00:00:00'),
  (41,4,'ยากิโซบะ',33.00,33.00,'2015-10-16 21:01:11','0000-00-00 00:00:00'),
  (42,4,'ข้าวหน้าหมูทงคัตสึ',30.00,30.00,'2015-10-16 21:01:11','0000-00-00 00:00:00'),
  (43,4,'ข้าวหน้าหมูชาชู',30.00,30.00,'2015-10-16 21:01:11','0000-00-00 00:00:00'),
  (44,4,'ชุดข้าวต้มยำ',35.00,35.00,'2015-10-16 21:01:11','0000-00-00 00:00:00'),
  (45,4,'เกี๊ยวซ่า',30.00,30.00,'2015-10-16 21:01:11','0000-00-00 00:00:00'),
  (46,4,'ข้าวต้มไข่ออนเซนชุบโชยุ',35.00,35.00,'2015-10-16 21:01:11','0000-00-00 00:00:00'),
  (47,4,'ข้าวหน้าปลาซาบะ',35.00,35.00,'2015-10-16 21:01:11','0000-00-00 00:00:00'),
  (48,4,'ต้มยำทะเลราเมนแห้ง',40.00,40.00,'2015-10-16 21:01:11','0000-00-00 00:00:00'),
  (49,4,'ต้มยำหมูสับราเมน',33.00,33.00,'2015-10-16 21:01:11','0000-00-00 00:00:00'),
  (50,4,'หมูบูตะทรงเครื่องราเมนซุปโอตะ',35.00,35.00,'2015-10-16 21:01:11','0000-00-00 00:00:00'),
  (51,4,'ปูอัดราเมนซุปโชยุ',35.00,35.00,'2015-10-16 21:01:11','0000-00-00 00:00:00'),
  (52,4,'หมูบูตะราเมนซุปแกงกะหรี่',35.00,35.00,'2015-10-16 21:01:11','0000-00-00 00:00:00'),
  (53,4,'ข้าวหน้าแกงกะหรี่ทงคัตสึ',35.00,35.00,'2015-10-16 21:01:11','0000-00-00 00:00:00'),
  (54,4,'ข้าวหน้าแกงกะหรี่หมูบูตะ',35.00,35.00,'2015-10-16 21:01:11','0000-00-00 00:00:00'),
  (55,4,'ข้าวหน้าไก่ซี้ด',35.00,35.00,'2015-10-16 21:01:11','0000-00-00 00:00:00'),
  (56,4,'ข้าวหน้าเบคอน',35.00,35.00,'2015-10-16 21:01:11','0000-00-00 00:00:00'),
  (57,4,'ข้าวหน้าไก่เทอริยากิ',35.00,35.00,'2015-10-16 21:01:11','0000-00-00 00:00:00'),
  (58,4,'ข้าวหน้าหมูเทอริยากิ',35.00,35.00,'2015-10-16 21:01:11','0000-00-00 00:00:00'),
  (59,4,'ข้าวหน้าไก่คาราเกะ',35.00,35.00,'2015-10-16 21:01:11','0000-00-00 00:00:00'),
  (60,4,'ข้าวหน้าไก่โอยาโกะต้ง',35.00,35.00,'2015-10-16 21:01:11','0000-00-00 00:00:00'),
  (61,4,'ข้าวหน้าหมูบูตะ',35.00,35.00,'2015-10-16 21:01:11','0000-00-00 00:00:00'),
  (62,4,'ข้าวหน้าไก่ทัตซึต้ง',35.00,35.00,'2015-10-16 21:01:11','0000-00-00 00:00:00'),
  (63,5,'ข้าวเปล่า',5.00,5.00,'2015-10-16 21:01:11','0000-00-00 00:00:00'),
  (64,5,'เพิ่มไข่ลวก',7.00,7.00,'2015-10-16 21:01:11','0000-00-00 00:00:00'),
  (65,5,'หมูน้ำใส',30.00,35.00,'2015-10-16 21:01:11','0000-00-00 00:00:00'),
  (66,5,'หมูต้มยำ',30.00,35.00,'2015-10-16 21:01:11','0000-00-00 00:00:00'),
  (67,5,'หมูสาหร่าย',30.00,35.00,'2015-10-16 21:01:11','0000-00-00 00:00:00'),
  (68,5,'ไก่ทอดต้มยำ',30.00,35.00,'2015-10-16 21:01:11','0000-00-00 00:00:00'),
  (69,5,'หมูกรอบต้มยำ',30.00,35.00,'2015-10-16 21:01:11','0000-00-00 00:00:00'),
  (70,5,'หมูตุ๋น',30.00,40.00,'2015-10-16 21:01:11','0000-00-00 00:00:00'),
  (71,5,'ไก่ตุ๋น',30.00,40.00,'2015-10-16 21:01:11','0000-00-00 00:00:00'),
  (72,5,'สุกี้หมู-ทะเล',30.00,40.00,'2015-10-16 21:01:11','0000-00-00 00:00:00'),
  (73,5,'ลูกชิ้นแคระ',30.00,35.00,'2015-10-16 21:01:11','0000-00-00 00:00:00'),
  (74,5,'ทะเลต้มยำ',35.00,40.00,'2015-10-16 21:01:11','0000-00-00 00:00:00'),
  (75,5,'บะหมี่หมูแดง',30.00,35.00,'2015-10-16 21:01:11','0000-00-00 00:00:00'),
  (76,5,'เกี๊ยวน้ำ',30.00,35.00,'2015-10-16 21:01:11','0000-00-00 00:00:00'),
  (77,5,'เกาเหลา',30.00,35.00,'2015-10-16 21:01:11','0000-00-00 00:00:00'),
  (78,5,'เย็นตาโฟ',30.00,35.00,'2015-10-16 21:01:11','0000-00-00 00:00:00'),
  (79,5,'หมูน้ำตก',30.00,35.00,'2015-10-16 21:01:11','0000-00-00 00:00:00'),
  (80,6,'ข้าวกระเพราหมู-ไก่',30.00,30.00,'2015-10-16 21:01:11','0000-00-00 00:00:00'),
  (81,6,'ข้าวกระเพรากุ้ง-ปลาหมึก',35.00,40.00,'2015-10-16 21:01:11','0000-00-00 00:00:00'),
  (82,6,'ข้าวพริกเผาหมู ไก่',30.00,30.00,'2015-10-16 21:01:11','0000-00-00 00:00:00'),
  (83,6,'ข้ามพริกเผากุ้ง ปลาหมึก',35.00,40.00,'2015-10-16 21:01:11','0000-00-00 00:00:00'),
  (84,6,'ข้าวพริกแกงหมู ไก่',30.00,30.00,'2015-10-16 21:01:11','0000-00-00 00:00:00'),
  (85,6,'ข้าวพริกแกงกุ้ง ปลาหมึก',35.00,40.00,'2015-10-16 21:01:11','0000-00-00 00:00:00'),
  (86,6,'ข้าวผัดต้มยำหมู ไก่',30.00,30.00,'2015-10-16 21:01:11','0000-00-00 00:00:00'),
  (87,6,'ข้าวผัดต้มยำกุ้ง ปลาหมึก',35.00,40.00,'2015-10-16 21:01:11','0000-00-00 00:00:00'),
  (88,6,'ข้าวผัดพริกหมู ไก่',30.00,30.00,'2015-10-16 21:01:11','0000-00-00 00:00:00'),
  (89,6,'ข้าวผัดพริกกุ้ง ปลาหมึก',35.00,40.00,'2015-10-16 21:01:11','0000-00-00 00:00:00'),
  (90,6,'ข้าวกระเพราหมูกรอบ',30.00,30.00,'2015-10-16 21:01:11','0000-00-00 00:00:00'),
  (91,6,'ข้าวกระเพราไก่ทอด',30.00,30.00,'2015-10-16 21:01:11','0000-00-00 00:00:00'),
  (92,6,'ข้าวคะน้าหมูกรอบ',30.00,30.00,'2015-10-16 21:01:11','0000-00-00 00:00:00'),
  (93,6,'ข้าวผักบุ้งหมูกรอบ',30.00,30.00,'2015-10-16 21:01:11','0000-00-00 00:00:00'),
  (94,6,'ข้าวหมูทอดกระเทียม',30.00,30.00,'2015-10-16 21:01:11','0000-00-00 00:00:00'),
  (95,6,'ข้าวไก่ทอดกระเทียม',30.00,30.00,'2015-10-16 21:01:11','0000-00-00 00:00:00'),
  (96,6,'ข้าวกุ้ง ปลาหมึก กระเทียม',35.00,40.00,'2015-10-16 21:01:11','0000-00-00 00:00:00'),
  (97,6,'ข้าวผัดผักรวม',35.00,35.00,'2015-10-16 21:01:11','0000-00-00 00:00:00'),
  (98,6,'กระเพราหมูยอ',30.00,30.00,'2015-10-16 21:01:11','0000-00-00 00:00:00'),
  (99,6,'ข้าวหมู ไก่ น้ำมันหอย',30.00,30.00,'2015-10-16 21:01:11','0000-00-00 00:00:00'),
  (100,6,'ข้าวผัดกุนเชียง',30.00,30.00,'2015-10-16 21:01:11','0000-00-00 00:00:00'),
  (101,6,'ข้าวผัดหมูยอ',30.00,30.00,'2015-10-16 21:01:11','0000-00-00 00:00:00'),
  (102,6,'ข้าวผัดหมู ไก่',30.00,30.00,'2015-10-16 21:01:11','0000-00-00 00:00:00'),
  (103,6,'ข้าวผัดแหนม',30.00,30.00,'2015-10-16 21:01:11','0000-00-00 00:00:00'),
  (104,6,'ข้าวผัดหมูกรอบ',30.00,30.00,'2015-10-16 21:01:11','0000-00-00 00:00:00'),
  (105,6,'ข้าวผัดกุ้ง ปลาหมึก',35.00,40.00,'2015-10-16 21:01:11','0000-00-00 00:00:00'),
  (106,6,'ข้าวผัดไส้กรอก',30.00,30.00,'2015-10-16 21:01:11','0000-00-00 00:00:00'),
  (107,6,'ข้าวราดแกงกระหรี่หมู ไก่',35.00,40.00,'2015-10-16 21:01:11','0000-00-00 00:00:00'),
  (108,6,'ข้าวราดแกงกะหรี่กุ้ง ปลาหมึก',40.00,45.00,'2015-10-16 21:01:11','0000-00-00 00:00:00'),
  (109,6,'มักกะโรนีผัดซอส',30.00,35.00,'2015-10-16 21:01:11','0000-00-00 00:00:00'),
  (110,6,'มักกะโรนีขี้เมา',35.00,40.00,'2015-10-16 21:01:11','0000-00-00 00:00:00'),
  (111,6,'มาม่าขี้เมา',30.00,35.00,'2015-10-16 21:01:11','0000-00-00 00:00:00'),
  (112,6,'ผัดซีอิ๊ว',30.00,35.00,'2015-10-16 21:01:11','0000-00-00 00:00:00'),
  (113,6,'คั่วไก่',30.00,35.00,'2015-10-16 21:01:11','0000-00-00 00:00:00'),
  (114,6,'สปาเก็ตตี้ผัดซอส',35.00,40.00,'2015-10-16 21:01:11','0000-00-00 00:00:00'),
  (115,6,'สปาเก็ตตี้ขี้เมา',35.00,40.00,'2015-10-16 21:01:11','0000-00-00 00:00:00'),
  (116,6,'ราดหน้า หมู ไก่',30.00,35.00,'2015-10-16 21:01:11','0000-00-00 00:00:00'),
  (117,6,'ราดหน้ากุ้ง ปลาหมึก',35.00,40.00,'2015-10-16 21:01:11','0000-00-00 00:00:00'),
  (118,6,'สุกี้น้ำหมู ไก่',30.00,35.00,'2015-10-16 21:01:11','0000-00-00 00:00:00'),
  (119,6,'สุกี้น้ำกุ้ง ปลาหมึก',35.00,40.00,'2015-10-16 21:01:11','0000-00-00 00:00:00'),
  (120,6,'ข้าวไข่เจียวหมูสับ',0.00,0.00,'2015-10-16 21:01:11','0000-00-00 00:00:00'),
  (121,6,'ข้าวไข่เจียวกุนเชียง',0.00,0.00,'2015-10-16 21:01:11','0000-00-00 00:00:00'),
  (122,6,'ข้าวไข่เจียวแหนม',0.00,0.00,'2015-10-16 21:01:11','0000-00-00 00:00:00'),
  (123,6,'ข้าวไข่เจียวกุ้งสับ',0.00,0.00,'2015-10-16 21:01:11','0000-00-00 00:00:00'),
  (124,6,'ข้าวไข่เจียวไส้กรอก',0.00,0.00,'2015-10-16 21:01:11','0000-00-00 00:00:00'),
  (125,6,'ข้าวไข่เจียวผัดรวม',0.00,0.00,'2015-10-16 21:01:11','0000-00-00 00:00:00'),
  (126,6,'ข้าวผัดห่อไข่',40.00,45.00,'2015-10-16 21:01:11','0000-00-00 00:00:00'),
  (127,6,'ข้าวผัดกระเพราห่อไข่',40.00,45.00,'2015-10-16 21:01:11','0000-00-00 00:00:00'),
  (128,6,'ทุกเมนูห่อไข่',10.00,10.00,'2015-10-16 21:01:11','0000-00-00 00:00:00'),
  (129,7,'ต้มเลือดหมู',30.00,30.00,'2015-10-16 21:01:11','0000-00-00 00:00:00'),
  (130,7,'เซี่ยงไฮเลือดหมู',30.00,30.00,'2015-10-16 21:01:11','0000-00-00 00:00:00'),
  (131,7,'ข้าวต้มเลือดหมู',30.00,30.00,'2015-10-16 21:01:11','0000-00-00 00:00:00'),
  (132,7,'มาม่าเลือดหมู',30.00,30.00,'2015-10-16 21:01:11','0000-00-00 00:00:00'),
  (133,7,'วุ้นเส้นเลือดหมู',30.00,30.00,'2015-10-16 21:01:11','0000-00-00 00:00:00'),
  (134,7,'เกี๋ยมอี้เลือดหมู',30.00,30.00,'2015-10-16 21:01:11','0000-00-00 00:00:00'),
  (135,7,'ก๋วยจั๊บน้ำข้น-น้ำใส',30.00,30.00,'2015-10-16 21:01:11','0000-00-00 00:00:00'),
  (136,7,'ก๋วยจั๊บน้ำข้น-น้ำใส',30.00,30.00,'2015-10-16 21:01:11','0000-00-00 00:00:00'),
  (137,7,'มาม่าก๋วยจั๊บ',30.00,30.00,'2015-10-16 21:01:11','0000-00-00 00:00:00'),
  (138,7,'เส้นหมี่ก๋วยจั๊บ',30.00,30.00,'2015-10-16 21:01:11','0000-00-00 00:00:00'),
  (139,7,'ไข่',7.00,7.00,'2015-10-16 21:01:11','0000-00-00 00:00:00'),
  (140,7,'เต้าหู้',8.00,8.00,'2015-10-16 21:01:11','0000-00-00 00:00:00'),
  (141,7,'ข้าวเปล่า',5.00,5.00,'2015-10-16 21:01:11','0000-00-00 00:00:00'),
  (142,7,'พิเศษ',5.00,5.00,'2015-10-16 21:01:11','0000-00-00 00:00:00'),
  (143,7,'ใส่ถุง',5.00,5.00,'2015-10-16 21:01:11','0000-00-00 00:00:00'),
  (144,8,'ข้าวราดกุ้ง',30.00,30.00,'2015-10-16 21:01:11','0000-00-00 00:00:00'),
  (145,8,'ข้าวราดปลา',30.00,30.00,'2015-10-16 21:01:11','0000-00-00 00:00:00'),
  (146,8,'ข้าวราดปลาหมึก',30.00,30.00,'2015-10-16 21:01:11','0000-00-00 00:00:00'),
  (147,8,'ข้าวราดหมู',25.00,25.00,'2015-10-16 21:01:11','0000-00-00 00:00:00'),
  (148,8,'ข้าวราดไก่',25.00,25.00,'2015-10-16 21:01:11','0000-00-00 00:00:00'),
  (149,8,'ข้าวราดผัดผัก',25.00,25.00,'2015-10-16 21:01:11','0000-00-00 00:00:00'),
  (150,8,'ข้าวราดกุ้ง+ปลา',40.00,40.00,'2015-10-16 21:01:11','0000-00-00 00:00:00'),
  (151,8,'ข้าวราดกุ้ง+ปลาหมึก',40.00,40.00,'2015-10-16 21:01:11','0000-00-00 00:00:00'),
  (152,8,'ข้าวราดปลา+ปลา',40.00,40.00,'2015-10-16 21:01:11','0000-00-00 00:00:00'),
  (153,8,'ข้าวราดหมู+ไก่',30.00,30.00,'2015-10-16 21:01:11','0000-00-00 00:00:00'),
  (154,8,'ข้าวราดหมู+ไก่+ผัก',35.00,35.00,'2015-10-16 21:01:11','0000-00-00 00:00:00'),
  (155,8,'ไข่ดาว',7.00,7.00,'2015-10-16 21:01:11','0000-00-00 00:00:00'),
  (156,8,'ห่อหมกปลาช่อน',15.00,15.00,'2015-10-16 21:01:11','0000-00-00 00:00:00'),
  (157,8,'ปลา(กับข้าวใส่ถุง)',50.00,50.00,'2015-10-16 21:01:11','0000-00-00 00:00:00'),
  (158,8,'หมู(กับข้าวใส่ถุง)',40.00,40.00,'2015-10-16 21:01:11','0000-00-00 00:00:00'),
  (159,8,'ปลาหมึก(กับข้าวใส่ถุง)',50.00,50.00,'2015-10-16 21:01:11','0000-00-00 00:00:00'),
  (160,8,'ไก่(กับข้าวใส่ถุง)',40.00,40.00,'2015-10-16 21:01:11','0000-00-00 00:00:00'),
  (161,8,'กุ้ง(กับข้าวใส่ถุง)',50.00,50.00,'2015-10-16 21:01:11','0000-00-00 00:00:00'),
  (162,8,'ผัดผัก(กับข้าวใส่ถุง)',30.00,30.00,'2015-10-16 21:01:11','0000-00-00 00:00:00'),
  (163,9,'ข้าวราดแกง2อย่าง',25.00,25.00,'2015-10-16 21:01:11','0000-00-00 00:00:00'),
  (164,9,'ข้าวราดแกง3อย่าง',30.00,30.00,'2015-10-16 21:01:11','0000-00-00 00:00:00'),
  (165,9,'ข้าวเปล่า',5.00,5.00,'2015-10-16 21:01:11','0000-00-00 00:00:00'),
  (166,9,'ไข่ดาว',7.00,7.00,'2015-10-16 21:01:11','0000-00-00 00:00:00'),
  (167,9,'ผัดวุ้นเส้น',0.00,0.00,'2015-10-16 21:01:11','0000-00-00 00:00:00'),
  (168,9,'พะโล้',0.00,0.00,'2015-10-16 21:01:11','0000-00-00 00:00:00'),
  (169,9,'ไก่ทอด',0.00,0.00,'2015-10-16 21:01:11','0000-00-00 00:00:00'),
  (170,9,'ไข่ดาว',0.00,0.00,'2015-10-16 21:01:11','0000-00-00 00:00:00'),
  (171,9,'ฟักทองผัดไข่',0.00,0.00,'2015-10-16 21:01:11','0000-00-00 00:00:00'),
  (172,9,'แกงเขียวหวาน',0.00,0.00,'2015-10-16 21:01:11','0000-00-00 00:00:00'),
  (173,9,'ต้มจืดเต้าหู้หมูสับ',0.00,0.00,'2015-10-16 21:01:11','0000-00-00 00:00:00'),
  (174,9,'แพนง',0.00,0.00,'2015-10-16 21:01:11','0000-00-00 00:00:00'),
  (175,9,'ต้มข่าไก่',0.00,0.00,'2015-10-16 21:01:11','0000-00-00 00:00:00'),
  (176,9,'ผัดบล็อคโคลี่',0.00,0.00,'2015-10-16 21:01:11','0000-00-00 00:00:00'),
  (177,10,'ข้าวมันไก่',30.00,30.00,'2015-10-16 21:01:11','0000-00-00 00:00:00'),
  (178,10,'ข้าวหมูกรอบ',30.00,30.00,'2015-10-16 21:01:11','0000-00-00 00:00:00'),
  (179,10,'ข้าวหมูแดง',30.00,30.00,'2015-10-16 21:01:11','0000-00-00 00:00:00'),
  (180,10,'ข้าวหมูแดงหมูกรอบ',30.00,30.00,'2015-10-16 21:01:11','0000-00-00 00:00:00'),
  (181,10,'ข้าวมันไก่ทอด',30.00,30.00,'2015-10-16 21:01:11','0000-00-00 00:00:00'),
  (182,10,'ข้าวหมกไก่น่องไก่',30.00,30.00,'2015-10-16 21:01:11','0000-00-00 00:00:00'),
  (183,10,'ข้าวหมกไก่สะโพก',35.00,35.00,'2015-10-16 21:01:11','0000-00-00 00:00:00'),
  (184,10,'ข้าวหมกปลากรอบ',40.00,40.00,'2015-10-16 21:01:11','0000-00-00 00:00:00'),
  (185,10,'ข้าวหมกหมูกรอบ',35.00,35.00,'2015-10-16 21:01:11','0000-00-00 00:00:00'),
  (186,10,'โจ๊กใส่ไข่',20.00,20.00,'2015-10-16 21:01:11','0000-00-00 00:00:00'),
  (187,10,'โจ๊กไม่ใส่ไข่',15.00,15.00,'2015-10-16 21:01:11','0000-00-00 00:00:00'),
  (188,10,'โจ๊กใส่ไข่(ใส่ถุง)',30.00,30.00,'2015-10-16 21:01:11','0000-00-00 00:00:00'),
  (189,10,'โจ๊กไม่ใส่ไข่(ใส่ถุง)',25.00,25.00,'2015-10-16 21:01:11','0000-00-00 00:00:00'),
  (190,10,'ขนมจีบ5ลูก',20.00,20.00,'2015-10-16 21:01:11','0000-00-00 00:00:00'),
  (191,10,'หมูปิ้ง2ไม้',15.00,15.00,'2015-10-16 21:01:11','0000-00-00 00:00:00'),
  (192,10,'น่องไก่',15.00,15.00,'2015-10-16 21:01:11','0000-00-00 00:00:00'),
  (193,10,'สะโพกไก่',20.00,20.00,'2015-10-16 21:01:11','0000-00-00 00:00:00'),
  (194,10,'เพิ่มหมู,ไก่,ไข่',10.00,10.00,'2015-10-16 21:01:11','0000-00-00 00:00:00'),
  (195,11,'น้ำเปล่า',7.00,7.00,'2015-10-16 21:01:11','0000-00-00 00:00:00'),
  (196,11,'เครื่องดื่มร้อนทุกชนิด',12.00,12.00,'2015-10-16 21:01:11','0000-00-00 00:00:00'),
  (197,11,'กาแฟเย็นโบราณ',15.00,17.00,'2015-10-16 21:01:11','0000-00-00 00:00:00'),
  (198,11,'เนสกาแฟเย็น',15.00,17.00,'2015-10-16 21:01:11','0000-00-00 00:00:00'),
  (199,11,'โอวัลตินเย็น',15.00,17.00,'2015-10-16 21:01:11','0000-00-00 00:00:00'),
  (200,11,'ไมโลเย็น',15.00,17.00,'2015-10-16 21:01:11','0000-00-00 00:00:00'),
  (201,11,'โกโก้เย็น',15.00,17.00,'2015-10-16 21:01:11','0000-00-00 00:00:00'),
  (202,11,'มอคค่าเย็น',15.00,17.00,'2015-10-16 21:01:11','0000-00-00 00:00:00'),
  (203,11,'เนสโอวัลติน',15.00,17.00,'2015-10-16 21:01:11','0000-00-00 00:00:00'),
  (204,11,'นมเย็น',15.00,17.00,'2015-10-16 21:01:11','0000-00-00 00:00:00'),
  (205,11,'ชาเย็น',15.00,17.00,'2015-10-16 21:01:11','0000-00-00 00:00:00'),
  (206,11,'ชาเขียว',15.00,17.00,'2015-10-16 21:01:11','0000-00-00 00:00:00'),
  (207,11,'ชามะนาว',15.00,17.00,'2015-10-16 21:01:11','0000-00-00 00:00:00'),
  (208,11,'น้ำบ๊วย',15.00,17.00,'2015-10-16 21:01:11','0000-00-00 00:00:00'),
  (209,11,'น้ำแดง',15.00,17.00,'2015-10-16 21:01:11','0000-00-00 00:00:00'),
  (210,11,'น้ำเขียวโซดา',15.00,17.00,'2015-10-16 21:01:11','0000-00-00 00:00:00'),
  (211,11,'กาแฟโอริโอ้',25.00,25.00,'2015-10-16 21:01:11','0000-00-00 00:00:00'),
  (212,11,'โกโก้โอริโอ้',25.00,25.00,'2015-10-16 21:01:11','0000-00-00 00:00:00'),
  (213,11,'ไมโลโอริโอ้',25.00,25.00,'2015-10-16 21:01:11','0000-00-00 00:00:00'),
  (214,11,'โอริโอ้นมสด',25.00,25.00,'2015-10-16 21:01:11','0000-00-00 00:00:00'),
  (215,11,'โอวัลตินโอริโอ้',25.00,25.00,'2015-10-16 21:01:11','0000-00-00 00:00:00'),
  (216,11,'ไวล์มอลปั่นโอริโอ้',25.00,25.00,'2015-10-16 21:01:11','0000-00-00 00:00:00'),
  (217,11,'ยาคูลย์ปั่น',25.00,25.00,'2015-10-16 21:01:11','0000-00-00 00:00:00'),
  (218,11,'มอคค่าโอริโอ้',25.00,25.00,'2015-10-16 21:01:11','0000-00-00 00:00:00'),
  (219,11,'เนสวีต้าปั่นนมสด',25.00,25.00,'2015-10-16 21:01:11','0000-00-00 00:00:00'),
  (220,11,'เอ็มร้อย+ปีโป้ปั่น',25.00,25.00,'2015-10-16 21:01:11','0000-00-00 00:00:00'),
  (221,11,'กระทิงแดง+ปีโป้ปั่น',25.00,25.00,'2015-10-16 21:01:11','0000-00-00 00:00:00'),
  (222,11,'เนสที',20.00,20.00,'2015-10-16 21:01:11','0000-00-00 00:00:00'),
  (223,11,'เนสทีเฟ่',20.00,20.00,'2015-10-16 21:01:11','0000-00-00 00:00:00'),
  (224,11,'ชาเขียนปั่น',20.00,20.00,'2015-10-16 21:01:11','0000-00-00 00:00:00'),
  (225,11,'ไมโลสโนวี่',20.00,20.00,'2015-10-16 21:01:11','0000-00-00 00:00:00'),
  (226,11,'โอวัลตินภูเขาไฟ',20.00,20.00,'2015-10-16 21:01:11','0000-00-00 00:00:00'),
  (227,11,'โกโก้',20.00,20.00,'2015-10-16 21:01:11','0000-00-00 00:00:00'),
  (228,11,'กาแฟปั่น',20.00,20.00,'2015-10-16 21:01:11','0000-00-00 00:00:00'),
  (229,11,'ชาเย็นปั่น',20.00,20.00,'2015-10-16 21:01:11','0000-00-00 00:00:00'),
  (230,11,'น้ำแดงโซดามะนาวปั่น',20.00,20.00,'2015-10-16 21:01:11','0000-00-00 00:00:00'),
  (231,11,'น้ำเขียวโซดามะนาวปั่น',20.00,20.00,'2015-10-16 21:01:11','0000-00-00 00:00:00'),
  (232,11,'น้ำผลไม้ปั่น',18.00,20.00,'2015-10-16 21:01:11','0000-00-00 00:00:00'),
  (233,11,'ชาดำเย็น',13.00,15.00,'2015-10-16 21:01:11','0000-00-00 00:00:00'),
  (234,11,'โอเลี้ยง',13.00,15.00,'2015-10-16 21:01:11','0000-00-00 00:00:00'),
  (235,11,'น้ำแดง',13.00,15.00,'2015-10-16 21:01:11','0000-00-00 00:00:00'),
  (236,11,'น้ำเขียว',13.00,15.00,'2015-10-16 21:01:11','0000-00-00 00:00:00'),
  (237,11,'น้ำต้มใบเตย',12.00,12.00,'2015-10-16 21:01:11','0000-00-00 00:00:00'),
  (238,11,'น้ำต้มลำไย',12.00,12.00,'2015-10-16 21:01:11','0000-00-00 00:00:00'),
  (239,11,'น้ำกระเจี๊ยบ',12.00,12.00,'2015-10-16 21:01:11','0000-00-00 00:00:00'),
  (240,11,'น้ำต้มมะตูม',12.00,12.00,'2015-10-16 21:01:11','0000-00-00 00:00:00'),
  (241,11,'น้ำเก็กฮวย',12.00,12.00,'2015-10-16 21:01:11','0000-00-00 00:00:00'),
  (242,12,'ชาเย็น',10.00,10.00,'2015-10-16 21:01:11','0000-00-00 00:00:00'),
  (243,12,'ชามะนาว',10.00,10.00,'2015-10-16 21:01:11','0000-00-00 00:00:00'),
  (244,12,'โกโก้',10.00,10.00,'2015-10-16 21:01:11','0000-00-00 00:00:00'),
  (245,12,'นมเย็น',10.00,10.00,'2015-10-16 21:01:11','0000-00-00 00:00:00'),
  (246,12,'น้ำแอปเปิล',10.00,10.00,'2015-10-16 21:01:11','0000-00-00 00:00:00'),
  (247,12,'น้ำมะนาว',10.00,10.00,'2015-10-16 21:01:11','0000-00-00 00:00:00'),
  (248,12,'น้ำส้ม',10.00,10.00,'2015-10-16 21:01:11','0000-00-00 00:00:00'),
  (249,12,'ชาเขียวโออิชิ',10.00,10.00,'2015-10-16 21:01:11','0000-00-00 00:00:00'),
  (250,12,'ชาเขียวน้ำผึ้งมะนาว',10.00,10.00,'2015-10-16 21:01:11','0000-00-00 00:00:00'),
  (251,12,'ใบเตย',10.00,10.00,'2015-10-16 21:01:11','0000-00-00 00:00:00'),
  (252,12,'เก็กฮวย',10.00,10.00,'2015-10-16 21:01:11','0000-00-00 00:00:00'),
  (253,12,'ลำใย',10.00,10.00,'2015-10-16 21:01:11','0000-00-00 00:00:00'),
  (254,12,'อัญชัญมะนาว',10.00,10.00,'2015-10-16 21:01:11','0000-00-00 00:00:00'),
  (255,12,'ชานม',15.00,15.00,'2015-10-16 21:01:11','0000-00-00 00:00:00'),
  (256,12,'ชาเขียวนม',15.00,15.00,'2015-10-16 21:01:11','0000-00-00 00:00:00'),
  (257,12,'นมสด',15.00,15.00,'2015-10-16 21:01:11','0000-00-00 00:00:00'),
  (258,12,'กล้วยหอม',15.00,15.00,'2015-10-16 21:01:11','0000-00-00 00:00:00'),
  (259,12,'แดงมะนาวโซดา',15.00,15.00,'2015-10-16 21:01:11','0000-00-00 00:00:00'),
  (260,12,'โค้ก',10.00,10.00,'2015-10-16 21:01:11','0000-00-00 00:00:00'),
  (261,12,'แฟนต้า',10.00,10.00,'2015-10-16 21:01:11','0000-00-00 00:00:00'),
  (262,12,'สไปท์',10.00,10.00,'2015-10-16 21:01:11','0000-00-00 00:00:00'),
  (263,12,'น้ำเขียว',10.00,10.00,'2015-10-16 21:01:11','0000-00-00 00:00:00'),
  (264,12,'น้ำแดง',10.00,10.00,'2015-10-16 21:01:11','0000-00-00 00:00:00'),
  (265,12,'น้ำเปล่า',7.00,7.00,'2015-10-16 21:01:11','0000-00-00 00:00:00'),
  (266,12,'ขานมไข่มุก',20.00,20.00,'2015-10-16 21:01:11','0000-00-00 00:00:00'),
  (267,12,'ชาเขียวไข่มุก',20.00,20.00,'2015-10-16 21:01:11','0000-00-00 00:00:00'),
  (268,12,'ปังหรอบภูเขาไฟบราวนี่',30.00,30.00,'2015-10-16 21:01:11','0000-00-00 00:00:00'),
  (269,12,'ปังกรอบบานาน่าเค้กชาเขียว',30.00,30.00,'2015-10-16 21:01:11','0000-00-00 00:00:00'),
  (270,12,'ปังกรอบบานาน่าชาเขียว',30.00,30.00,'2015-10-16 21:01:11','0000-00-00 00:00:00'),
  (271,12,'ปังกรอบน้ำแดงปังปิ้งข้าวโพดถั่วเเดง',30.00,30.00,'2015-10-16 21:01:11','0000-00-00 00:00:00'),
  (272,12,'ปังกรอบไนสเล่ไมโล',30.00,30.00,'2015-10-16 21:01:11','0000-00-00 00:00:00'),
  (273,12,'ปังกรอบนมสดข้าวโพดถั่วแดง',30.00,30.00,'2015-10-16 21:01:11','0000-00-00 00:00:00'),
  (274,12,'ปังกรอบนมเย็นข้าวโพดถั่วแดง',30.00,30.00,'2015-10-16 21:01:11','0000-00-00 00:00:00'),
  (275,12,'ปังกรอบชาเย็นรวมมิตร',30.00,30.00,'2015-10-16 21:01:11','0000-00-00 00:00:00'),
  (276,12,'ปังกรอบน้ำแดงแมงลักรวมมิตร',25.00,25.00,'2015-10-16 21:01:11','0000-00-00 00:00:00'),
  (277,12,'มัน',5.00,5.00,'2015-10-16 21:01:11','0000-00-00 00:00:00'),
  (278,12,'ถั่วแดง',5.00,5.00,'2015-10-16 21:01:11','0000-00-00 00:00:00'),
  (279,12,'ข้าวโพด',5.00,5.00,'2015-10-16 21:01:11','0000-00-00 00:00:00'),
  (280,12,'แห้ว',5.00,5.00,'2015-10-16 21:01:11','0000-00-00 00:00:00'),
  (281,12,'ฟักทอง',5.00,5.00,'2015-10-16 21:01:11','0000-00-00 00:00:00'),
  (282,12,'ลูกชิต',5.00,5.00,'2015-10-16 21:01:11','0000-00-00 00:00:00'),
  (283,13,'นมสด',15.00,15.00,'2015-10-16 21:01:11','0000-00-00 00:00:00'),
  (284,13,'โกโก้',15.00,15.00,'2015-10-16 21:01:11','0000-00-00 00:00:00'),
  (285,13,'ชานม',15.00,15.00,'2015-10-16 21:01:11','0000-00-00 00:00:00'),
  (286,13,'ชาเขียว',15.00,15.00,'2015-10-16 21:01:11','0000-00-00 00:00:00'),
  (287,13,'นมชมพู',15.00,15.00,'2015-10-16 21:01:11','0000-00-00 00:00:00'),
  (288,13,'กาแฟ',15.00,15.00,'2015-10-16 21:01:11','0000-00-00 00:00:00'),
  (289,13,'แดงโซดามะนาว',15.00,15.00,'2015-10-16 21:01:11','0000-00-00 00:00:00'),
  (290,13,'ชาเขียวน้ำผึ้งมะนาว',15.00,15.00,'2015-10-16 21:01:11','0000-00-00 00:00:00'),
  (291,13,'องุ่นโซดา',15.00,15.00,'2015-10-16 21:01:11','0000-00-00 00:00:00'),
  (292,13,'เขียวโซดา',15.00,15.00,'2015-10-16 21:01:11','0000-00-00 00:00:00'),
  (293,13,'นมสดปั่น',20.00,20.00,'2015-10-16 21:01:11','0000-00-00 00:00:00'),
  (294,13,'โกโก้ปั่น',20.00,20.00,'2015-10-16 21:01:11','0000-00-00 00:00:00'),
  (295,13,'ชานมปั่น',20.00,20.00,'2015-10-16 21:01:11','0000-00-00 00:00:00'),
  (296,13,'ชาเขียวปั่น',20.00,20.00,'2015-10-16 21:01:11','0000-00-00 00:00:00'),
  (297,13,'นมชมพูปั่น',20.00,20.00,'2015-10-16 21:01:11','0000-00-00 00:00:00'),
  (298,13,'กาแฟปั่น',20.00,20.00,'2015-10-16 21:01:11','0000-00-00 00:00:00'),
  (299,13,'แดงโซดามะนาวปั่น',20.00,20.00,'2015-10-16 21:01:11','0000-00-00 00:00:00'),
  (300,13,'ชาเขียวน้ำผึ้งมะนาวปั่น',20.00,20.00,'2015-10-16 21:01:11','0000-00-00 00:00:00'),
  (301,13,'องุ่นโซดาปั่น',20.00,20.00,'2015-10-16 21:01:11','0000-00-00 00:00:00'),
  (302,13,'เขียวโซดาปั่น',20.00,20.00,'2015-10-16 21:01:11','0000-00-00 00:00:00'),
  (303,13,'นมโอริโอ้ปั่น',20.00,20.00,'2015-10-16 21:01:11','0000-00-00 00:00:00'),
  (304,13,'สตรอเบอร์รี่นมสดปั่น',20.00,20.00,'2015-10-16 21:01:11','0000-00-00 00:00:00'),
  (305,13,'นมสดกล้วยปั่น',20.00,20.00,'2015-10-16 21:01:11','0000-00-00 00:00:00'),
  (306,13,'นมสดคาราเมลปั่น',20.00,20.00,'2015-10-16 21:01:11','0000-00-00 00:00:00'),
  (307,13,'นมน้ำผึ้งปั่น',20.00,20.00,'2015-10-16 21:01:11','0000-00-00 00:00:00'),
  (308,13,'ไวท์มอล์นมสดปั่น',20.00,20.00,'2015-10-16 21:01:11','0000-00-00 00:00:00'),
  (309,13,'เนสวีต้านมสดปั่น',20.00,20.00,'2015-10-16 21:01:11','0000-00-00 00:00:00'),
  (310,13,'นมเปรี้ยวปีโป้ปั่น',25.00,25.00,'2015-10-16 21:01:11','0000-00-00 00:00:00'),
  (311,13,'โอวัลตินภูเขาไฟปั่น',20.00,20.00,'2015-10-16 21:01:11','0000-00-00 00:00:00'),
  (312,13,'ช็อคโกบานาน่าปั่น',25.00,25.00,'2015-10-16 21:01:11','0000-00-00 00:00:00'),
  (313,13,'สมูทตี้ปั่น',20.00,20.00,'2015-10-16 21:01:11','0000-00-00 00:00:00'),
  (314,13,'โยเกิร์ตสมูตตี้ปั่น',25.00,25.00,'2015-10-16 21:01:11','0000-00-00 00:00:00'),
  (315,13,'ปังเย็นนมเย็น',25.00,25.00,'2015-10-16 21:01:11','0000-00-00 00:00:00'),
  (316,13,'บานาน่าช็คโก',30.00,30.00,'2015-10-16 21:01:11','0000-00-00 00:00:00'),
  (317,13,'ปังเย็นโกโก้ครั๊นช์',30.00,30.00,'2015-10-16 21:01:11','0000-00-00 00:00:00'),
  (318,13,'ปังเย็นภูเขาไฟ',30.00,30.00,'2015-10-16 21:01:11','0000-00-00 00:00:00'),
  (319,13,'ปังเย็นไข่มุก',30.00,30.00,'2015-10-16 21:01:11','0000-00-00 00:00:00'),
  (320,13,'บานาน่าชาเขียว',30.00,30.00,'2015-10-16 21:01:11','0000-00-00 00:00:00'),
  (321,13,'ปังเย็นเนสท์เล่ ไมโล',30.00,30.00,'2015-10-16 21:01:11','0000-00-00 00:00:00'),
  (322,13,'เฉาก๊วยโบราณ',15.00,15.00,'2015-10-16 21:01:11','0000-00-00 00:00:00'),
  (323,13,'ชาเขียวไข่มุก',20.00,20.00,'2015-10-16 21:01:11','0000-00-00 00:00:00'),
  (324,13,'นมสดไข่มุก',20.00,20.00,'2015-10-16 21:01:11','0000-00-00 00:00:00'),
  (325,13,'ชานมไข่มุก',20.00,20.00,'2015-10-16 21:01:11','0000-00-00 00:00:00'),
  (326,13,'โกโก้ไข่มุก',20.00,20.00,'2015-10-16 21:01:11','0000-00-00 00:00:00'),
  (327,13,'โยเกิร์ตสดบานาน่า',25.00,25.00,'2015-10-16 21:01:11','0000-00-00 00:00:00'),
  (328,13,'โยเกิร์ตสดสตรอเบอร์รี่',25.00,25.00,'2015-10-16 21:01:11','0000-00-00 00:00:00'),
  (329,13,'โยเกิร์ตสดโกโก้ครั๊น',25.00,25.00,'2015-10-16 21:01:11','0000-00-00 00:00:00'),
  (330,13,'โยเกิร์ตสดคอร์นเฟล็ค',25.00,25.00,'2015-10-16 21:01:11','0000-00-00 00:00:00'),
  (331,13,'โยเกิร์ตสดไมโลเนสเล่',25.00,25.00,'2015-10-16 21:01:11','0000-00-00 00:00:00'),
  (332,13,'สตรอเบอร์รี่สมูทตี้',20.00,20.00,'2015-10-16 21:01:11','0000-00-00 00:00:00'),
  (333,13,'สตรอเบอร์รี่โยเกิร์ตสมูทตี้',25.00,25.00,'2015-10-16 21:01:11','0000-00-00 00:00:00'),
  (334,13,'พิ้งค์บานาน่าสมูทตี้',25.00,25.00,'2015-10-16 21:01:11','0000-00-00 00:00:00'),
  (335,13,'โอวันตินภูเขาไฟสมูทตี้',20.00,20.00,'2015-10-16 21:01:11','0000-00-00 00:00:00'),
  (336,13,'ช็อคโกบานาน่าสมูทตี้',25.00,25.00,'2015-10-16 21:01:11','0000-00-00 00:00:00'),
  (337,13,'พิ้งค์บานาน่าโยเกิร์ตสมูทตี้',25.00,25.00,'2015-10-16 21:01:11','0000-00-00 00:00:00'),
  (338,13,'น้ำเปล่า',7.00,7.00,'2015-10-16 21:01:11','0000-00-00 00:00:00'),
  (339,14,'ลูกชิ้นหมู',10.00,10.00,'2015-10-16 21:01:11','0000-00-00 00:00:00'),
  (340,14,'ปูอัด',20.00,20.00,'2015-10-16 21:01:11','0000-00-00 00:00:00'),
  (341,14,'ฯลฯ',10.00,20.00,'2015-10-16 21:01:11','0000-00-00 00:00:00'),
  (342,15,'ผลไม้',15.00,20.00,'2015-10-16 21:01:11','0000-00-00 00:00:00'),
  (343,15,'ขนมไทย',15.00,25.00,'2015-10-16 21:01:11','0000-00-00 00:00:00'),
  (344,16,'โรตีธรรมดา',10.00,10.00,'2015-10-16 21:01:11','0000-00-00 00:00:00'),
  (345,16,'โรตีใส่ไข่',17.00,17.00,'2015-10-16 21:01:11','0000-00-00 00:00:00'),
  (346,16,'โรตีมะตะบะกล้วย',25.00,25.00,'2015-10-16 21:01:11','0000-00-00 00:00:00'),
  (347,16,'โรตีมะตะบะไก่',30.00,30.00,'2015-10-16 21:01:11','0000-00-00 00:00:00'),
  (348,17,'ซูชิ',5.00,5.00,'2015-10-16 21:01:11','0000-00-00 00:00:00'),
  (349,17,'ปลาไข่ทอด6ชิ้น',25.00,25.00,'2015-10-16 21:01:11','0000-00-00 00:00:00'),
  (350,17,'ไก่ทอด6ชิ้น',25.00,25.00,'2015-10-16 21:01:11','0000-00-00 00:00:00'),
  (351,20,'ยำมาม่า',35.00,35.00,'2015-10-16 21:01:11','0000-00-00 00:00:00'),
  (352,20,'ยำวุ้นเส้น',35.00,35.00,'2015-10-16 21:01:11','0000-00-00 00:00:00'),
  (353,20,'ยำหมูยอ',35.00,35.00,'2015-10-16 21:01:11','0000-00-00 00:00:00'),
  (354,20,'ยำผักกระเฉด',35.00,35.00,'2015-10-16 21:01:11','0000-00-00 00:00:00'),
  (355,20,'ยำปลากระป๋อง',35.00,35.00,'2015-10-16 21:01:11','0000-00-00 00:00:00'),
  (356,20,'ยำรวมมิตร',35.00,35.00,'2015-10-16 21:01:11','0000-00-00 00:00:00'),
  (357,20,'ยำเล็บมือนาง',35.00,35.00,'2015-10-16 21:01:11','0000-00-00 00:00:00'),
  (358,20,'ยำเซี้ยงไฮ้',35.00,35.00,'2015-10-16 21:01:11','0000-00-00 00:00:00'),
  (359,20,'ยำเห็ดหูหนูขาว',35.00,35.00,'2015-10-16 21:01:11','0000-00-00 00:00:00'),
  (360,20,'ยำปลาหมึก',35.00,35.00,'2015-10-16 21:01:11','0000-00-00 00:00:00'),
  (361,20,'ยำหอยแครง',35.00,35.00,'2015-10-16 21:01:11','0000-00-00 00:00:00'),
  (362,20,'ยำมักกะโรนี',35.00,35.00,'2015-10-16 21:01:11','0000-00-00 00:00:00'),
  (363,20,'ยำหมูมะนาว',35.00,35.00,'2015-10-16 21:01:11','0000-00-00 00:00:00'),
  (364,20,'ยำหมี่หยก',35.00,35.00,'2015-10-16 21:01:11','0000-00-00 00:00:00'),
  (365,20,'ลาบมาม่า',30.00,30.00,'2015-10-16 21:01:11','0000-00-00 00:00:00'),
  (366,20,'ลาบหมู',30.00,30.00,'2015-10-16 21:01:11','0000-00-00 00:00:00'),
  (367,20,'ลาบปลาหมึก',30.00,30.00,'2015-10-16 21:01:11','0000-00-00 00:00:00'),
  (368,20,'ลาบวุ้นเส้น',30.00,30.00,'2015-10-16 21:01:11','0000-00-00 00:00:00'),
  (369,20,'ลาบเห็ดหูหนูขาว',30.00,30.00,'2015-10-16 21:01:11','0000-00-00 00:00:00'),
  (370,20,'ลาบรวมมิตร',30.00,30.00,'2015-10-16 21:01:11','0000-00-00 00:00:00'),
  (371,20,'น้ำตกหมู',30.00,30.00,'2015-10-16 21:01:11','0000-00-00 00:00:00'),
  (372,20,'ตับหวาน',30.00,30.00,'2015-10-16 21:01:11','0000-00-00 00:00:00'),
  (373,20,'ข้าวไข่เจียวทรงเครื่อง 1ฟอง',22.00,22.00,'2015-10-16 21:01:11','0000-00-00 00:00:00'),
  (374,20,'ข้าวไข่เจียวทรงเครื่อง 2ฟอง',27.00,27.00,'2015-10-16 21:01:11','0000-00-00 00:00:00'),
  (375,20,'ข้าวเปล่า',5.00,5.00,'2015-10-16 21:01:11','0000-00-00 00:00:00'),
  (376,20,'ไข่ลวก',6.00,6.00,'2015-10-16 21:01:11','0000-00-00 00:00:00'),
  (377,20,'ไข่ต้ม',6.00,6.00,'2015-10-16 21:01:11','0000-00-00 00:00:00'),
  (378,23,'ขนมเบื้อง6ชิ้น',10.00,10.00,'2015-10-16 21:01:11','0000-00-00 00:00:00'),
  (379,23,'ขนมเบื้อง9ชิ้น',15.00,15.00,'2015-10-16 21:01:11','0000-00-00 00:00:00'),
  (380,23,'ขนมเบื้อง12ชิ้น',20.00,20.00,'2015-10-16 21:01:11','0000-00-00 00:00:00'),
  (381,24,'น้ำแข็งใสเกร็ดหิมะ (เครื่อง3อย่าง)',15.00,15.00,'2015-10-16 21:01:11','0000-00-00 00:00:00'),
  (382,24,'น้ำแข็งใสทรงเครื่อง (เครื่อง6อย่าง)',20.00,20.00,'2015-10-16 21:01:11','0000-00-00 00:00:00'),
  (383,24,'หมูปิ้งนมสด 2 ไม้',15.00,15.00,'2015-10-16 21:01:11','0000-00-00 00:00:00'),
  (384,24,'ข้าวเหนียว',5.00,5.00,'2015-10-16 21:01:11','0000-00-00 00:00:00'),
  (385,24,'หมูปิ้ง',8.00,8.00,'2015-10-16 21:01:11','0000-00-00 00:00:00'),
  (386,24,'ขนมหวาน',15.00,15.00,'2015-10-16 21:01:11','0000-00-00 00:00:00'),
  (387,25,'น้ำ',0.00,0.00,'2015-10-16 21:01:11','0000-00-00 00:00:00'),
  (388,25,'ขนม',0.00,0.00,'2015-10-16 21:01:11','0000-00-00 00:00:00'),
  (389,25,'แซนวิช',0.00,0.00,'2015-10-16 21:01:11','0000-00-00 00:00:00'),
  (390,25,'ชานมไข่มุก',30.00,40.00,'2015-10-16 21:01:11','0000-00-00 00:00:00'),
  (391,27,'ข้าวขาหมูเนื้อ',30.00,30.00,'2015-10-16 21:01:11','0000-00-00 00:00:00'),
  (392,27,'ข้าวขาหมูเนื้อหนัง',35.00,35.00,'2015-10-16 21:01:11','0000-00-00 00:00:00'),
  (393,27,'ข้าวขาหมูเนื้อ-ไก่ทอด',40.00,40.00,'2015-10-16 21:01:11','0000-00-00 00:00:00'),
  (394,27,'ข้าวขาหมูเนื้อหนัง-ไก่ทอด',45.00,45.00,'2015-10-16 21:01:11','0000-00-00 00:00:00'),
  (395,27,'ข้าวยำไก่เเซ่บ',30.00,30.00,'2015-10-16 21:01:11','0000-00-00 00:00:00'),
  (396,27,'ข้าวไก่เขียวหวาน',30.00,30.00,'2015-10-16 21:01:11','0000-00-00 00:00:00'),
  (397,27,'ข้าวยำหมูกรอบ',35.00,35.00,'2015-10-16 21:01:11','0000-00-00 00:00:00'),
  (398,27,'ข้าวหมูกรอบเขียวหวาน',35.00,35.00,'2015-10-16 21:01:11','0000-00-00 00:00:00'),
  (399,27,'บะหมี่ขาหมู',30.00,35.00,'2015-10-16 21:01:11','0000-00-00 00:00:00'),
  (400,27,'บะหมี่หมูกรอบ',30.00,35.00,'2015-10-16 21:01:11','0000-00-00 00:00:00'),
  (401,27,'ข้าวน่องไก่พะโล้',30.00,35.00,'2015-10-16 21:01:11','0000-00-00 00:00:00'),
  (402,27,'บะหมี่ยำไก่เเซ่บ',30.00,35.00,'2015-10-16 21:01:11','0000-00-00 00:00:00'),
  (403,27,'ไข่ต้ม',7.00,7.00,'2015-10-16 21:01:11','0000-00-00 00:00:00'),
  (404,28,'เฟรนฟราย',25.00,25.00,'2015-10-16 21:01:11','0000-00-00 00:00:00'),
  (405,28,'นักเก็ต5ชิ้น',20.00,20.00,'2015-10-16 21:01:11','0000-00-00 00:00:00'),
  (406,28,'คาราเกะชีส5ชิ้น',20.00,20.00,'2015-10-16 21:01:11','0000-00-00 00:00:00'),
  (407,28,'ไก่สไปซ์ซี่',25.00,25.00,'2015-10-16 21:01:11','0000-00-00 00:00:00'),
  (408,28,'ไก่เเซ่บ',20.00,20.00,'2015-10-16 21:01:11','0000-00-00 00:00:00'),
  (409,28,'ไก่เเซนวิช',10.00,10.00,'2015-10-16 21:01:11','0000-00-00 00:00:00'),
  (410,28,'มันอบเกลือ',10.00,10.00,'2015-10-16 21:01:11','0000-00-00 00:00:00'),
  (411,28,'ไก่ป็อป7ชิ้น',20.00,20.00,'2015-10-16 21:01:11','0000-00-00 00:00:00'),
  (412,28,'สันในไก่',10.00,10.00,'2015-10-16 21:01:11','0000-00-00 00:00:00'),
  (413,28,'ไอศครีมทอด',20.00,20.00,'2015-10-16 21:01:11','0000-00-00 00:00:00'),
  (414,29,'ส้มตำ',30.00,30.00,'2015-10-16 21:01:11','0000-00-00 00:00:00'),
  (415,29,'ส้มตำไข่เค็ม',35.00,35.00,'2015-10-16 21:01:11','0000-00-00 00:00:00'),
  (416,29,'ตำถาด',60.00,60.00,'2015-10-16 21:01:11','0000-00-00 00:00:00'),
  (417,29,'คอหมูย่าง',35.00,35.00,'2015-10-16 21:01:11','0000-00-00 00:00:00'),
  (418,29,'ปลาดุกย่าง',30.00,30.00,'2015-10-16 21:01:11','0000-00-00 00:00:00'),
  (419,29,'แกงเห็ดรวม',35.00,35.00,'2015-10-16 21:01:11','0000-00-00 00:00:00'),
  (420,29,'ต้มยำขาไก่',35.00,35.00,'2015-10-16 21:01:11','0000-00-00 00:00:00'),
  (421,29,'ตำข้าวโพด',35.00,35.00,'2015-10-16 21:01:11','0000-00-00 00:00:00'),
  (422,29,'ตำผลไม้',35.00,35.00,'2015-10-16 21:01:11','0000-00-00 00:00:00'),
  (423,29,'ไก่ย่าง',20.00,20.00,'2015-10-16 21:01:11','0000-00-00 00:00:00'),
  (424,29,'ลาบหมู',35.00,35.00,'2015-10-16 21:01:11','0000-00-00 00:00:00'),
  (425,29,'น้ำตกหมู',35.00,35.00,'2015-10-16 21:01:11','0000-00-00 00:00:00'),
  (426,29,'ผัดหมี่โคราช',20.00,20.00,'2015-10-16 21:01:11','0000-00-00 00:00:00'),
  (427,29,'ข้าวเหนียว',5.00,5.00,'2015-10-16 21:01:11','0000-00-00 00:00:00'),
  (428,29,'ขนมจีน',5.00,5.00,'2015-10-16 21:01:11','0000-00-00 00:00:00'),
  (429,29,'แกงเห็ด',35.00,35.00,'2015-10-16 21:01:11','0000-00-00 00:00:00');

/*!40000 ALTER TABLE `menus` ENABLE KEYS */;
UNLOCK TABLES;


# Dump of table rates
# ------------------------------------------------------------

DROP TABLE IF EXISTS `rates`;

CREATE TABLE `rates` (
  `id` int(11) NOT NULL,
  `restaurant_id` int(11) NOT NULL,
  `user_id` int(11) NOT NULL,
  `rate` tinyint(4) NOT NULL,
  `created_at` timestamp NOT NULL DEFAULT CURRENT_TIMESTAMP ON UPDATE CURRENT_TIMESTAMP,
  `updated_at` timestamp NOT NULL DEFAULT '0000-00-00 00:00:00',
  PRIMARY KEY (`id`),
  KEY `rates_restaurants` (`restaurant_id`),
  KEY `rates_users` (`user_id`),
  CONSTRAINT `rates_restaurants` FOREIGN KEY (`restaurant_id`) REFERENCES `restaurants` (`id`),
  CONSTRAINT `rates_users` FOREIGN KEY (`user_id`) REFERENCES `users` (`id`)
) ENGINE=InnoDB DEFAULT CHARSET=utf8;



# Dump of table restaurant_pictures
# ------------------------------------------------------------

DROP TABLE IF EXISTS `restaurant_pictures`;

CREATE TABLE `restaurant_pictures` (
  `id` int(11) NOT NULL,
  `url` varchar(255) NOT NULL,
  `restaurant_id` int(11) NOT NULL,
  PRIMARY KEY (`id`)
) ENGINE=InnoDB DEFAULT CHARSET=utf8;

LOCK TABLES `restaurant_pictures` WRITE;
/*!40000 ALTER TABLE `restaurant_pictures` DISABLE KEYS */;

INSERT INTO `restaurant_pictures` (`id`, `url`, `restaurant_id`)
VALUES
  (1,'https://goo.gl/eA0DqU',1),
  (2,'https://goo.gl/pj7g2j',1),
  (3,'https://goo.gl/xrtDVu',2),
  (4,'https://goo.gl/BjAPgd',2),
  (5,'https://goo.gl/dS4xOL',2),
  (6,'https://goo.gl/CTA64V',3),
  (7,'https://goo.gl/C6jZKq',3),
  (8,'https://goo.gl/yXPaiA',3),
  (9,'https://goo.gl/z4Mq4o',4),
  (10,'https://goo.gl/dPw2Vn',4),
  (11,'https://goo.gl/zJ4SPo',4),
  (12,'https://goo.gl/tmqb4Z',5),
  (13,'https://goo.gl/B7NI2w',5),
  (14,'https://goo.gl/9kbx35',5),
  (15,'https://goo.gl/wF9gsy',6),
  (16,'https://goo.gl/iCkGtD',6),
  (17,'https://goo.gl/84o3u8',6),
  (18,'https://goo.gl/6pNcAh',7),
  (19,'https://goo.gl/B4i5qC',7),
  (20,'https://goo.gl/EZONwz',8),
  (21,'https://goo.gl/rE80G2',8),
  (22,'https://goo.gl/Cj2MN6',8),
  (23,'https://goo.gl/Lej5GN',9),
  (24,'https://goo.gl/R6S2Pf',9),
  (25,'https://goo.gl/LdwqxS',9),
  (26,'https://goo.gl/1ETvj9',10),
  (27,'https://goo.gl/JVaaPz',10),
  (28,'https://goo.gl/rgzbWd',10),
  (29,'https://goo.gl/JKumxX',11),
  (30,'https://goo.gl/HDnM4E',11),
  (31,'https://goo.gl/1G0WkY',11),
  (32,'https://goo.gl/Q1CIvE',12),
  (33,'https://goo.gl/AiTcg6',12),
  (34,'https://goo.gl/CRDGWT',13),
  (35,'https://goo.gl/CE1o6i',13),
  (36,'https://goo.gl/Whrfrn',14),
  (37,'https://goo.gl/bbdJHu',14),
  (38,'https://goo.gl/VqKxDc',15),
  (39,'https://goo.gl/PuLa6f',15),
  (40,'https://goo.gl/4olsB4',16),
  (41,'https://goo.gl/L0NFE2',16),
  (42,'https://goo.gl/3j2bzy',17),
  (43,'https://goo.gl/BBihT0',17),
  (44,'https://goo.gl/VfSULh',19),
  (45,'https://goo.gl/3Xet4V',19),
  (46,'https://goo.gl/qZ10TC',19),
  (47,'https://goo.gl/NvVoCK',20),
  (48,'https://goo.gl/xRnbC6',20),
  (49,'https://goo.gl/khpPra',20),
  (50,'https://goo.gl/5BVGWb',23),
  (51,'https://goo.gl/ivhfu2',25),
  (52,'https://goo.gl/Xzc3vT',25),
  (53,'https://goo.gl/290oBd',25),
  (54,'https://goo.gl/Jk2zu8',27),
  (55,'https://goo.gl/r0M3CA',27),
  (56,'https://goo.gl/LhfWMz',27),
  (57,'https://goo.gl/736FT9',28),
  (58,'https://goo.gl/VnGa3q',29),
  (59,'https://goo.gl/l3jByh',29),
  (60,'https://goo.gl/gpVq6y',30);

/*!40000 ALTER TABLE `restaurant_pictures` ENABLE KEYS */;
UNLOCK TABLES;


# Dump of table restaurant_tag
# ------------------------------------------------------------

DROP TABLE IF EXISTS `restaurant_tag`;

CREATE TABLE `restaurant_tag` (
  `id` int(11) NOT NULL,
  `restaurant_id` int(11) NOT NULL,
  `tag_id` int(11) NOT NULL,
  PRIMARY KEY (`id`),
  KEY `restaurant_tag_restaurants` (`restaurant_id`),
  KEY `restaurant_tag_tags` (`tag_id`),
  CONSTRAINT `restaurant_tag_restaurants` FOREIGN KEY (`restaurant_id`) REFERENCES `restaurants` (`id`),
  CONSTRAINT `restaurant_tag_tags` FOREIGN KEY (`tag_id`) REFERENCES `tags` (`id`)
) ENGINE=InnoDB DEFAULT CHARSET=utf8;

LOCK TABLES `restaurant_tag` WRITE;
/*!40000 ALTER TABLE `restaurant_tag` DISABLE KEYS */;

INSERT INTO `restaurant_tag` (`id`, `restaurant_id`, `tag_id`)
VALUES
  (1,1,1),
  (2,1,5),
  (3,1,6),
  (4,1,18),
  (5,1,32),
  (6,1,34),
  (7,1,35),
  (8,2,2),
  (9,2,3),
  (10,2,27),
  (11,3,3),
  (12,4,1),
  (13,4,4),
  (14,4,6),
  (15,4,8),
  (16,5,1),
  (17,5,5),
  (18,5,6),
  (19,5,18),
  (20,5,32),
  (21,5,34),
  (22,5,35),
  (23,5,49),
  (24,5,55),
  (25,6,2),
  (26,6,3),
  (27,6,6),
  (28,6,8),
  (29,6,18),
  (30,6,27),
  (31,6,36),
  (32,6,37),
  (33,6,38),
  (34,6,39),
  (35,7,7),
  (36,7,35),
  (37,7,40),
  (38,8,3),
  (39,8,8),
  (40,8,27),
  (41,9,3),
  (42,9,27),
  (43,10,6),
  (44,10,9),
  (45,10,10),
  (46,10,13),
  (47,10,27),
  (48,10,42),
  (49,10,49),
  (50,10,55),
  (51,11,11),
  (52,11,12),
  (53,12,11),
  (54,12,12),
  (55,12,16),
  (56,12,29),
  (57,12,44),
  (58,13,11),
  (59,13,12),
  (60,13,14),
  (61,13,29),
  (62,13,44),
  (63,14,17),
  (64,15,21),
  (65,15,45),
  (66,16,14),
  (67,16,46),
  (68,17,17),
  (69,17,30),
  (70,20,2),
  (71,20,8),
  (72,20,18),
  (73,20,31),
  (74,20,32),
  (75,20,47),
  (76,23,14),
  (77,23,45),
  (78,24,13),
  (79,24,14),
  (80,24,44),
  (81,25,12),
  (82,25,15),
  (83,25,16),
  (84,25,29),
  (85,27,6),
  (86,27,10),
  (87,27,19),
  (88,27,27),
  (89,28,17),
  (90,28,20),
  (91,29,31),
  (92,29,32),
  (93,29,33);

/*!40000 ALTER TABLE `restaurant_tag` ENABLE KEYS */;
UNLOCK TABLES;


# Dump of table restaurants
# ------------------------------------------------------------

DROP TABLE IF EXISTS `restaurants`;

CREATE TABLE `restaurants` (
  `id` int(11) NOT NULL,
  `name` varchar(255) NOT NULL,
  `description` text NOT NULL,
  `latitude` decimal(9,6) NOT NULL,
  `longitude` decimal(9,6) NOT NULL,
  `tel` varchar(16) NOT NULL,
  `created_at` timestamp NOT NULL DEFAULT CURRENT_TIMESTAMP ON UPDATE CURRENT_TIMESTAMP,
  `updated_at` timestamp NOT NULL DEFAULT '0000-00-00 00:00:00',
  PRIMARY KEY (`id`)
) ENGINE=InnoDB DEFAULT CHARSET=utf8;

LOCK TABLES `restaurants` WRITE;
/*!40000 ALTER TABLE `restaurants` DISABLE KEYS */;

INSERT INTO `restaurants` (`id`, `name`, `description`, `latitude`, `longitude`, `tel`, `created_at`, `updated_at`)
VALUES
  (1,'ร้านก๋วยเตี๋ยวหมูน้ำตก','มีเส้นเล็ก เส้นใหญ่ วุ้นเส้น หมี่ขาว บะหมี่\nมีหมูสด หมูตุ๋น หมูแดง ตับ ลูกชิ้นปลา ลูกชิ้นหมู\nเพิ่มน่องไก่ 15 บาท',13.846302,100.569925,'','2015-10-16 21:01:11','0000-00-00 00:00:00'),
  (2,'ร้านข้าวไข่เจียว','ไข่เจียวทรงเครื่อง (เลือกได้ 3 อย่าง) กับข้าวมีดังนี้ หมูหวาน ไก่แซ่บ ไก่กรอบ แกงเขียวหวาน ไส้กรอก แกงส้ม รับทำอาหารกล่อง',13.846302,100.569911,'0823356887','2015-10-17 21:01:11','0000-00-00 00:00:00'),
  (3,'ร้านข้าวราดแกง','กับข้าว1อย่าง25 2อย่าง30',13.846302,100.569897,'','2015-10-18 21:01:11','0000-00-00 00:00:00'),
  (4,'ร้านอาหารญี่ปุ่น','ราเมน แกงกะหรี่ ทงคัตสึ ซุปสาหร่าย ไก่เทอริยากิ ยากิโซบะ',13.846302,100.569883,'','2015-10-19 21:01:11','0000-00-00 00:00:00'),
  (5,'ร้านบะหมี่','มีบะหมี่หมูแดง ต้มยำ เย็นตาโฟ ; เมนูเส้น บะหมี่ บะหมี่แบน บะหมี่หยก เส้นเล็ก เส้นใหญ่ วุ้นเส้น มาม่า เส้นหมี่ หมี่กรอบ',13.846302,100.569869,'','2015-10-20 21:01:11','0000-00-00 00:00:00'),
  (6,'ต้นน้ำอาหารตามสั่ง','มีอาหารตามสั่งประเภทข้าว ประเภทเส้น และประเภทไข่  ใส่กล่องหรือใส่ถ้วย เพิ่ม 3 บาท',13.846302,100.569855,'','2015-10-21 21:01:11','0000-00-00 00:00:00'),
  (7,'ร้านต้มเลือดหมู','ต้มเลือดหมู มาม่า ก๊วยจั๊บ เพิ่มไข่7บาท เต้าหู้8บาท ข้าวเปล่า5บาท',13.846302,100.569841,'','2015-10-22 21:01:11','0000-00-00 00:00:00'),
  (8,'ร้านข้าวราดแกง,ทะเล','ข้าวราดแกงทะเล สด อร่อย ราคาย่อมเยา',13.846302,100.569827,'','2015-10-23 21:01:11','0000-00-00 00:00:00'),
  (9,'ร้านข้าวราดแกง','2 อย่าง 25 บาท 3 อย่าง 30 บาท ใส่กล่อง,ถ้วย เพิ่ม 3 บาท  ข้าวเปล่า 5 บาท ไข่ดาว 7 บาท',13.846302,100.569813,'','2015-10-24 21:01:11','0000-00-00 00:00:00'),
  (10,'ร้านข้าวมันข้าวหมก','ข้าวมันไก่ ข้าวหมูแดงหมูกรอบ ข้าวหมกไก่ พิเศษหมูไก่เพิ่ม10บาท',13.846371,100.569654,'','2015-10-25 21:01:11','0000-00-00 00:00:00'),
  (11,'ร้านคุณชายกาแฟ & ผลไม้','นักชงมืออาชีพ ร้านคุณชายกาแฟ & ผลไม้  ผลไม้ปั่นผสมปีโป้ +3 บาท ,ผลไม้ปั่นรวม 2 อย่าง 20 ,ผลไม้ปั่นรวม 3 อย่าง 25',13.846398,100.569654,'0860791856','2015-10-26 21:01:11','0000-00-00 00:00:00'),
  (12,'ร้านน้ำหวาน','มีน้ำหวาน ชาไข่มุก ปังกรอบ น้ำแข็งปั่นเกล็ดหิมะ มี topping ให้เลือก ',13.846425,100.569654,'','2015-10-27 21:01:11','0000-00-00 00:00:00'),
  (13,'ร้านปังเย็น นมสด น้ำปั่น','มีปังปิ้ง เครื่องดื่ม น้ำปั่น ปังเย็น โยเกิร์ตสด สมูทตี้ น้ำเปล่า',13.846452,100.569654,'','2015-10-28 21:01:11','0000-00-00 00:00:00'),
  (14,'ร้านลูกชิ้นทอด','มีให้เลือกหลายอย่าง เฃ่น ปูอัด ลูกชิ้น ไส้กรอก ฯลฯ',13.846479,100.569654,'','2015-10-29 21:01:11','0000-00-00 00:00:00'),
  (15,'ร้านผลไม้ ขนมไทย','มีผลไม้ ขนมไทย',13.846506,100.569654,'','2015-10-30 21:01:11','0000-00-00 00:00:00'),
  (16,'ร้านโรตี','มีโรตีให้เลือก 4 อย่าง',13.846293,100.569902,'','2015-10-31 21:01:11','0000-00-00 00:00:00'),
  (17,'ร้านซูชิไรวินทร์','มีซูชิให้เลือกหลายหน้า',13.846293,100.569654,'','2015-11-01 21:01:11','0000-00-00 00:00:00'),
  (18,'NoBooth','',0.000000,0.000000,'','2015-11-02 21:01:11','0000-00-00 00:00:00'),
  (19,'NoBooth','',0.000000,0.000000,'','2015-11-03 21:01:11','0000-00-00 00:00:00'),
  (20,'ร้านยำลุง-ป้า','ร้านขายอาหารประเภทยำ ลาบ น้ำตก มีข้าวเปล่า ไข่ลวก ไข่ต้ม ให้เลือกสั่ง',13.846371,100.569783,'','2015-11-04 21:01:11','0000-00-00 00:00:00'),
  (21,'NoBooth','',0.000000,0.000000,'','2015-11-05 21:01:11','0000-00-00 00:00:00'),
  (22,'NoBooth','',0.000000,0.000000,'','2015-11-06 21:01:11','0000-00-00 00:00:00'),
  (23,'ขนมเบื้องไทย','มีไส้ฝอยทอง(หวาน) และไส้หน้ากระฉีก(เค็ม)',13.846371,100.569884,'','2015-11-07 21:01:11','0000-00-00 00:00:00'),
  (24,'ร้านหมูปิ้ง','มีหมูปิ้ง และน้ำแข็งใสขาย',13.846371,100.569902,'','2015-11-08 21:01:11','0000-00-00 00:00:00'),
  (25,'ร้านขนม','มีชานม น้ำ ขนม ให้อารมณ์ร้านสะดวกซื้อ',13.846371,100.569920,'','2015-11-09 21:01:11','0000-00-00 00:00:00'),
  (26,'NoBooth','',0.000000,0.000000,'','2015-11-10 21:01:11','0000-00-00 00:00:00'),
  (27,'ข้าวขาหมู','มีอาหารให้เลือกหลายอย่าง นอกจากขาหมูแล้วยังมี ข้าวเขียวหวาน ข้าวยำ บะหมี่ พะโล้',13.846293,100.569920,'','2015-11-11 21:01:11','0000-00-00 00:00:00'),
  (28,'ร้านของทอด','มีของทอดมากมาย',13.846293,100.569884,'','2015-11-12 21:01:11','0000-00-00 00:00:00'),
  (29,'ร้านส้มตำ','มีส้มตำ ลาบ ไก่ย่าง',13.846293,100.569848,'','2015-11-13 21:01:11','0000-00-00 00:00:00'),
  (30,'ร้านณัฐติกาญจน์ น้ำปั่นผลไม้','น้ำปั่น น้ำหวาน',13.846371,100.569927,'0818945625','2015-11-14 21:01:11','0000-00-00 00:00:00');

/*!40000 ALTER TABLE `restaurants` ENABLE KEYS */;
UNLOCK TABLES;


# Dump of table tags
# ------------------------------------------------------------

DROP TABLE IF EXISTS `tags`;

CREATE TABLE `tags` (
  `id` int(11) NOT NULL,
  `name` varchar(64) NOT NULL,
  `created_at` timestamp NOT NULL DEFAULT CURRENT_TIMESTAMP ON UPDATE CURRENT_TIMESTAMP,
  `updated_at` timestamp NOT NULL DEFAULT '0000-00-00 00:00:00',
  PRIMARY KEY (`id`)
) ENGINE=InnoDB DEFAULT CHARSET=utf8;

LOCK TABLES `tags` WRITE;
/*!40000 ALTER TABLE `tags` DISABLE KEYS */;

INSERT INTO `tags` (`id`, `name`, `created_at`, `updated_at`)
VALUES
  (1,'ก๋วยเตี๋ยว','2015-10-16 21:01:11','0000-00-00 00:00:00'),
  (2,'ไข่เจียว','2015-10-16 21:01:11','0000-00-00 00:00:00'),
  (3,'ข้าวราดแกง','2015-10-16 21:01:11','0000-00-00 00:00:00'),
  (4,'อาหารญี่ปุ่น','2015-10-16 21:01:11','0000-00-00 00:00:00'),
  (5,'บะหมี่','2015-10-16 21:01:11','0000-00-00 00:00:00'),
  (6,'ตามสั่ง','2015-10-16 21:01:11','0000-00-00 00:00:00'),
  (7,'ต้มเลือดหมู','2015-10-16 21:01:11','0000-00-00 00:00:00'),
  (8,'ทะเล','2015-10-16 21:01:11','0000-00-00 00:00:00'),
  (9,'ข้าวมันไก่','2015-10-16 21:01:11','0000-00-00 00:00:00'),
  (10,'ข้าวหมูหรอบ','2015-10-16 21:01:11','0000-00-00 00:00:00'),
  (11,'น้ำปั่น','2015-10-16 21:01:11','0000-00-00 00:00:00'),
  (12,'น้ำ','2015-10-16 21:01:11','0000-00-00 00:00:00'),
  (13,'เครื่องดื่ม','2015-10-16 21:01:11','0000-00-00 00:00:00'),
  (14,'ของหวาน','2015-10-16 21:01:11','0000-00-00 00:00:00'),
  (15,'ขนม','2015-10-16 21:01:11','0000-00-00 00:00:00'),
  (16,'ชานมไข่มุก','2015-10-16 21:01:11','0000-00-00 00:00:00'),
  (17,'ของทอด','2015-10-16 21:01:11','0000-00-00 00:00:00'),
  (18,'มาม่า','2015-10-16 21:01:11','0000-00-00 00:00:00'),
  (19,'ขาหมู','2015-10-16 21:01:11','0000-00-00 00:00:00'),
  (20,'ไอศครีม','2015-10-16 21:01:11','0000-00-00 00:00:00'),
  (21,'ผลไม้','2015-10-16 21:01:11','0000-00-00 00:00:00'),
  (22,'กุ้ง','2015-10-16 21:01:11','0000-00-00 00:00:00'),
  (23,'ปลาหมึก','2015-10-16 21:01:11','0000-00-00 00:00:00'),
  (24,'ปลา','2015-10-16 21:01:11','0000-00-00 00:00:00'),
  (25,'หมู','2015-10-16 21:01:11','0000-00-00 00:00:00'),
  (26,'ไก่','2015-10-16 21:01:11','0000-00-00 00:00:00'),
  (27,'ข้าว','2015-10-16 21:01:11','0000-00-00 00:00:00'),
  (28,'ราเมน','2015-10-16 21:01:11','0000-00-00 00:00:00'),
  (29,'ขนมปัง','2015-10-16 21:01:11','0000-00-00 00:00:00'),
  (30,'ซูชิ','2015-10-16 21:01:11','0000-00-00 00:00:00'),
  (31,'ลาบ','2015-10-16 21:01:11','0000-00-00 00:00:00'),
  (32,'น้ำตก','2015-10-16 21:01:11','0000-00-00 00:00:00'),
  (33,'ส้มตำ','2015-10-16 21:01:11','0000-00-00 00:00:00'),
  (34,'เย็นตาโฟ','2015-10-16 21:01:11','0000-00-00 00:00:00'),
  (35,'เกาเหลา','2015-10-16 21:01:11','0000-00-00 00:00:00'),
  (36,'สุกี้','2015-10-16 21:01:11','0000-00-00 00:00:00'),
  (37,'มักกะโรนี','2015-10-16 21:01:11','0000-00-00 00:00:00'),
  (38,'ราดหน้า','2015-10-16 21:01:11','0000-00-00 00:00:00'),
  (39,'สปาเก็ตตี้','2015-10-16 21:01:11','0000-00-00 00:00:00'),
  (40,'ก๋วยจั๊บ','2015-10-16 21:01:11','0000-00-00 00:00:00'),
  (41,'ข้าวหมก','2015-10-16 21:01:11','0000-00-00 00:00:00'),
  (42,'โจ๊ก','2015-10-16 21:01:11','0000-00-00 00:00:00'),
  (43,'ข้าวต้ม','2015-10-16 21:01:11','0000-00-00 00:00:00'),
  (44,'น้ำแข็งใส','2015-10-16 21:01:11','0000-00-00 00:00:00'),
  (45,'ขนมไทย','2015-10-16 21:01:11','0000-00-00 00:00:00'),
  (46,'โรตี','2015-10-16 21:01:11','0000-00-00 00:00:00'),
  (47,'ยำ','2015-10-16 21:01:11','0000-00-00 00:00:00'),
  (48,'หมูปิ้ง','2015-10-16 21:01:11','0000-00-00 00:00:00'),
  (49,'หมูแดง','2015-10-16 21:01:11','0000-00-00 00:00:00'),
  (50,'ขนมจีน','2015-10-16 21:01:11','0000-00-00 00:00:00'),
  (51,'ต้มยำ','2015-10-16 21:01:11','0000-00-00 00:00:00'),
  (52,'ไข่','2015-10-16 21:01:11','0000-00-00 00:00:00'),
  (53,'ของกินเล่น','2015-10-16 21:01:11','0000-00-00 00:00:00'),
  (54,'แกงกะหรี่','2015-10-16 21:01:11','0000-00-00 00:00:00'),
  (55,'หมูกรอบ','2015-10-16 21:01:11','0000-00-00 00:00:00'),
  (56,'สุกี้','2015-10-16 21:01:11','0000-00-00 00:00:00'),
  (57,'ผัดซีอิ้ว','2015-10-16 21:01:11','0000-00-00 00:00:00');

/*!40000 ALTER TABLE `tags` ENABLE KEYS */;
UNLOCK TABLES;


# Dump of table users
# ------------------------------------------------------------

DROP TABLE IF EXISTS `users`;

CREATE TABLE `users` (
  `id` int(11) NOT NULL,
  `email` varchar(128) NOT NULL,
  `password` varchar(128) NOT NULL,
  `name` varchar(255) NOT NULL,
  `picture_url` varchar(128) NOT NULL,
  `created_at` timestamp NOT NULL DEFAULT CURRENT_TIMESTAMP ON UPDATE CURRENT_TIMESTAMP,
  `updated_at` timestamp NOT NULL DEFAULT '0000-00-00 00:00:00',
  PRIMARY KEY (`id`)
) ENGINE=InnoDB DEFAULT CHARSET=utf8;




/*!40111 SET SQL_NOTES=@OLD_SQL_NOTES */;
/*!40101 SET SQL_MODE=@OLD_SQL_MODE */;
/*!40014 SET FOREIGN_KEY_CHECKS=@OLD_FOREIGN_KEY_CHECKS */;
/*!40101 SET CHARACTER_SET_CLIENT=@OLD_CHARACTER_SET_CLIENT */;
/*!40101 SET CHARACTER_SET_RESULTS=@OLD_CHARACTER_SET_RESULTS */;
/*!40101 SET COLLATION_CONNECTION=@OLD_COLLATION_CONNECTION */;
